{
  "mean": [
    0.08190957456827164,
    0.11652537435293198,
    -0.05119286850094795
  ],
  "variance": [
    0.00390896201133728,
    0.003612813074141741,
    0.0046907514333724976
  ],
  "mean_abs_delta": [
    0.010021604597568512,
    0.007922876626253128,
    0.009981697425246239
  ],
  "drift": 0.31695881485939026,
  "stability_score": 0.287271648645401
}